Date,Home Team,Away Team,Home Score,Away Score,Home Actual,Away Actual,,,,
7/20/2018,Cubs,Cardinals,2.68,2.75,5,18,W,568,428,0.570281124
7/20/2018,Yankees,Mets,2.08,2.65,5,7,W,,,
7/20/2018,Phillies,Padres,3.77,2.53,11,5,W,,,
7/20/2018,Nationals,Braves,2.44,2.46,5,8,W,,,
7/20/2018,Blue Jays,Orioles,2.9,2.81,8,7,W,,,
7/20/2018,Tigers,Red Sox,2.48,3.99,0,1,W,,,
7/20/2018,Rays,Marlins,3.07,2.79,5,6,L,,,
7/20/2018,Reds,Pirates,2.6,3.23,1,12,W,,,
7/20/2018,Rangers,Indians,2.39,3.37,8,9,W,,,
7/20/2018,Brewers,Dodgers,2.14,3.2,4,6,W,,,
7/20/2018,Royals,Twins,2.92,2.79,6,5,W,,,
7/20/2018,Athletics,Giants,2.5,2.67,1,5,W,,,
7/20/2018,D-backs,Rockies,3.36,2.33,10,11,L,,,
7/20/2018,Angels,Astros,2.48,2.91,1,3,W,,,
7/20/2018,Mariners,White Sox,4.03,2.79,3,1,W,,,
7/21/2018,Cubs,Cardinals,2.7,3.29,3,6,W,,,
7/21/2018,Yankees,Mets,2.96,2.89,7,6,W,,,
7/21/2018,Blue Jays,Orioles,2.85,3.14,4,1,L,,,
7/21/2018,Tigers,Red Sox,3.04,3.44,5,0,L,,,
7/21/2018,Rays,Marlins,2.55,2.74,2,3,W,,,
7/21/2018,Brewers,Dodgers,2.04,2.36,4,2,L,,,
7/21/2018,Reds,Pirates,2.73,2.96,2,6,W,,,
7/21/2018,Cubs,Cardinals,2.55,2.54,3,6,L,,,
7/21/2018,Royals,Twins,3.09,2.98,4,2,W,,,
7/21/2018,Angels,Astros,2.05,3.91,0,7,W,,,
7/21/2018,Rangers,Indians,2.55,3.49,3,16,W,,,
7/21/2018,D-backs,Rockies,3.05,2.44,5,6,L,,,
7/21/2018,Athletics,Giants,2.72,2.72,4,3,T,,,
7/21/2018,Mariners,White Sox,3.22,3.22,0,5,T,,,
7/22/2018,Phillies,Padres,2.35,3.26,5,0,L,,,
7/22/2018,Blue Jays,Orioles,2.89,2.94,5,4,L,,,
7/22/2018,Tigers,Red Sox,2.12,3.4,1,9,W,,,
7/22/2018,Rays,Marlins,2.74,3.28,6,4,L,,,
7/22/2018,Reds,Pirates,2.81,3.54,2,9,W,,,
7/22/2018,Nationals,Braves,2.89,2.3,6,2,W,,,
7/22/2018,Brewers,Dodgers,2.69,2.47,2,11,L,,,
7/22/2018,Royals,Twins,3.06,2.47,5,3,W,,,
7/22/2018,Cubs,Cardinals,2.27,2.84,7,2,L,,,
7/22/2018,Rangers,Indians,2.58,3.3,5,0,L,,,
7/22/2018,Athletics,Giants,2.89,2.9,6,5,L,,,
7/22/2018,Angels,Astros,2.11,2.87,14,5,L,,,
7/22/2018,Mariners,White Sox,2.41,2.41,8,2,T,,,
7/22/2018,D-backs,Rockies,3.45,2.22,6,1,W,,,
7/22/2018,Phillies,Padres,3.22,2.81,5,0,W,,,
7/23/2018,Orioles,Red Sox,2.98,3.02,3,5,W,,,
7/23/2018,Phillies,Dodgers,2.61,3.67,6,7,W,,,
7/23/2018,Blue Jays,Twins,2.74,3.89,3,8,W,,,
7/23/2018,Marlins,Braves,2.13,2.51,1,12,W,,,
7/23/2018,Rays,Yankees,2.64,2.43,7,6,W,,,
7/23/2018,Indians,Pirates,2.41,2.13,0,7,L,,,
7/23/2018,Mets,Padres,2.79,1.87,2,3,L,,,
7/23/2018,Reds,Cardinals,1.99,2.85,2,1,L,,,
7/23/2018,Cubs,D-backs,2.74,2.66,1,7,L,,,
7/23/2018,Rangers,Athletics,2.82,3.08,3,15,W,,,
7/23/2018,Brewers,Nationals,2.37,2.26,6,1,W,,,
7/23/2018,Royals,Tigers,3.2,2.38,4,5,L,,,
7/23/2018,Angels,White Sox,3.03,2.64,3,5,L,,,
7/24/2018,Marlins,Braves,3.2,2.73,9,3,W,,,
7/24/2018,Phillies,Dodgers,3.23,1.98,7,4,W,,,
7/24/2018,Orioles,Red Sox,2.6,2.9,7,6,L,,,
7/24/2018,Blue Jays,Twins,2.68,2.67,0,5,L,,,
7/24/2018,Rays,Yankees,2.83,2.66,0,4,L,,,
7/24/2018,Indians,Pirates,2.8,2.96,4,9,W,,,
7/24/2018,Mets,Padres,2.7,1.86,6,3,W,,,
7/24/2018,Reds,Cardinals,2.56,3.96,2,4,W,,,
7/24/2018,Cubs,D-backs,1.9,2.25,1,5,W,,,
7/24/2018,Rangers,Athletics,3.3,3.06,10,13,L,,,
7/24/2018,Brewers,Nationals,2.95,3.42,5,4,L,,,
7/24/2018,Royals,Tigers,3.89,3.52,5,4,W,,,
7/24/2018,Rockies,Astros,2.15,3.34,2,8,W,,,
7/24/2018,Angels,White Sox,3.16,3.24,2,4,W,,,
7/24/2018,Mariners,Giants,2.55,2.36,3,4,L,,,
7/25/2018,Rays,Yankees,2.89,2.85,3,2,W,,,
7/25/2018,Mets,Padres,2.99,3.51,6,4,L,,,
7/25/2018,Phillies,Dodgers,2.24,2.7,7,3,L,,,
7/25/2018,Reds,Cardinals,2.76,3.65,7,3,L,,,
7/25/2018,Indians,Pirates,2.78,2.28,4,0,W,,,
7/25/2018,Brewers,Nationals,2.88,2.23,3,7,L,,,
7/25/2018,Royals,Tigers,3.78,2.85,4,8,L,,,
7/25/2018,Cubs,D-backs,2.72,3.56,2,1,L,,,
7/25/2018,Blue Jays,Twins,2.8,2.94,6,12,W,,,
7/25/2018,Mariners,Giants,3.64,2.64,3,2,W,,,
7/25/2018,Rangers,Athletics,2.89,3.26,5,6,W,,,
7/25/2018,Rockies,Astros,2.41,2.79,3,2,L,,,
7/25/2018,Angels,White Sox,3.31,3.34,11,3,L,,,
7/26/2018,Cubs,D-backs,2.72,2.98,7,6,L,,,
7/26/2018,Angels,White Sox,3.13,4.14,12,8,L,,,
7/26/2018,Yankees,Royals,2.42,2.98,7,2,L,,,
7/26/2018,Pirates,Mets,2.81,3.17,6,12,W,,,
7/26/2018,Orioles,Rays,2.96,2.66,3,4,L,,,
7/26/2018,Red Sox,Twins,3.48,3.11,1,2,L,,,
7/26/2018,Reds,Phillies,4.24,3.36,4,9,L,,,
7/26/2018,Marlins,Nationals,3.51,3.48,3,10,L,,,
7/26/2018,Braves,Dodgers,2.08,2.34,2,8,W,,,
7/26/2018,Rangers,Athletics,3.03,3.73,6,7,W,,,
7/26/2018,Giants,Brewers,3.05,2.64,5,7,L,,,
7/27/2018,Orioles,Rays,2.88,3.28,15,5,L,,,
7/27/2018,Pirates,Mets,2.85,2.92,5,4,L,,,
7/27/2018,Tigers,Indians,1.94,3.46,3,8,W,,,
7/27/2018,Red Sox,Twins,2.92,2.24,4,3,W,,,
7/27/2018,Marlins,Nationals,2.24,2.44,1,9,W,,,
7/27/2018,Reds,Phillies,3.06,2.74,6,4,W,,,
7/27/2018,Braves,Dodgers,2.1,2.81,1,4,W,,,
7/27/2018,Astros,Rangers,3.6,2.37,2,11,L,,,
7/27/2018,White Sox,Blue Jays,2.96,3.01,5,10,W,,,
7/27/2018,Cardinals,Cubs,2.37,3.21,5,2,L,,,
7/27/2018,Rockies,Athletics,3.14,3.13,3,1,W,,,
7/27/2018,Angels,Mariners,2.76,2.98,4,3,L,,,
7/27/2018,Padres,D-backs,2.29,3.03,2,6,W,,,
7/27/2018,Giants,Brewers,2.54,3.09,1,3,W,,,
7/28/2018,Yankees,Royals,1.98,2.6,5,4,L,,,
7/28/2018,Cardinals,Cubs,2.6,2.35,6,2,W,,,
7/28/2018,Tigers,Indians,2.52,3.28,2,1,L,,,
7/28/2018,Reds,Phillies,2.52,3.84,6,2,L,,,
7/28/2018,Pirates,Mets,1.62,2.81,5,0,L,,,
7/28/2018,Orioles,Rays,3.27,2.91,11,2,W,,,
7/28/2018,Yankees,Royals,1.9,3.05,5,4,L,,,
7/28/2018,Braves,Dodgers,2.63,2.42,1,5,L,,,
7/28/2018,Red Sox,Twins,3.43,3.29,10,4,W,,,
7/28/2018,Astros,Rangers,2.54,2.25,3,7,L,,,
7/28/2018,White Sox,Blue Jays,3.15,3.2,9,5,L,,,
7/28/2018,Marlins,Nationals,2.86,2.72,2,1,W,,,
7/28/2018,Rockies,Athletics,2.89,3.76,4,1,L,,,
7/28/2018,Padres,D-backs,2.29,2.06,4,9,L,,,
7/28/2018,Giants,Brewers,2.17,2.84,1,7,W,,,
7/28/2018,Angels,Mariners,2.88,3,11,5,L,,,
7/29/2018,Yankees,Royals,2.69,2.63,6,3,W,,,
7/29/2018,Orioles,Rays,2.76,3.19,11,5,L,,,
7/29/2018,Red Sox,Twins,2.96,2.58,3,0,W,,,
7/29/2018,Tigers,Indians,1.52,3.78,1,8,W,,,
7/29/2018,Reds,Phillies,3.77,2.79,4,0,W,,,
7/29/2018,Marlins,Nationals,3.12,2.71,5,0,W,,,
7/29/2018,Braves,Dodgers,2.26,2.23,4,1,W,,,
7/29/2018,Pirates,Mets,1.86,3.02,0,1,W,,,
7/29/2018,Astros,Rangers,2.55,2.65,3,4,W,,,
7/29/2018,White Sox,Blue Jays,2.23,3.48,4,7,W,,,
7/29/2018,Rockies,Athletics,3.31,3.07,3,2,W,,,
7/29/2018,Giants,Brewers,2.77,2.25,8,5,W,,,
7/29/2018,Angels,Mariners,1.99,3.36,5,8,W,,,
7/29/2018,Padres,D-backs,1.85,2.3,4,5,W,,,
7/29/2018,Cardinals,Cubs,2.32,2.75,2,5,W,,,
7/30/2018,Red Sox,Phillies,1.75,2.52,2,1,L,,,
7/30/2018,Braves,Marlins,3.09,3.37,5,3,L,,,
7/30/2018,Twins,Indians,2.66,3.31,5,4,L,,,
7/30/2018,Cardinals,Rockies,2.95,3,5,4,L,,,
7/30/2018,D-backs,Rangers,3.3,2.61,5,9,L,,,
7/30/2018,Athletics,Blue Jays,3.46,2.7,10,1,W,,,
7/30/2018,Mariners,Astros,2.18,2.57,2,0,L,,,
7/30/2018,Dodgers,Brewers,2.5,3.05,2,5,W,,,
7/30/2018,Padres,Giants,3.07,2.76,3,5,L,,,
7/31/2018,Padres,Giants,2.21,3.28,2,3,W,,,
7/31/2018,Pirates,Cubs,3.19,2.62,5,4,W,,,
7/31/2018,Nationals,Mets,3.01,3.45,25,4,L,,,
7/31/2018,Yankees,Orioles,3.38,2.61,6,3,W,,,
7/31/2018,Tigers,Reds,3.42,3.86,2,1,L,,,
7/31/2018,Rays,Angels,3.17,2.93,10,6,W,,,
7/31/2018,Red Sox,Phillies,2.4,3.45,1,3,W,,,
7/31/2018,Braves,Marlins,3.1,3.3,11,6,L,,,
7/31/2018,Twins,Indians,2.19,3.05,2,6,W,,,
7/31/2018,White Sox,Royals,2.87,3.15,2,4,W,,,
7/31/2018,Cardinals,Rockies,2.92,2.78,3,6,L,,,
7/31/2018,D-backs,Rangers,3.69,2.5,6,0,W,,,
7/31/2018,Athletics,Blue Jays,3.58,3.24,6,2,W,,,
7/31/2018,Mariners,Astros,2.12,2.6,2,5,W,,,
7/31/2018,Dodgers,Brewers,2.96,2.1,0,1,L,,,
8/1/2018,Nationals,Mets,1.9,2.87,5,3,L,,,
8/1/2018,Yankees,Orioles,2.91,2.32,5,7,L,,,
8/1/2018,Tigers,Reds,3.27,3.06,7,4,W,,,
8/1/2018,Twins,Indians,2.3,3.22,0,2,W,,,
8/1/2018,Athletics,Blue Jays,2.52,2.52,8,3,T,,,
8/1/2018,Mariners,Astros,2.47,2.75,3,8,W,,,
8/1/2018,Pirates,Cubs,2.82,2.9,2,9,W,,,
8/1/2018,Rays,Angels,3.87,3.1,7,2,W,,,
8/1/2018,White Sox,Royals,2.43,3.19,5,10,W,,,
8/1/2018,Nationals,Mets,1.93,3.29,5,3,L,,,
8/1/2018,Yankees,Orioles,2.78,2.76,5,7,L,,,
8/1/2018,Tigers,Reds,3.41,3.23,7,4,W,,,
8/1/2018,Twins,Indians,2.5,2.77,0,2,W,,,
8/1/2018,Athletics,Blue Jays,2.47,2.63,8,3,L,,,
8/1/2018,Mariners,Astros,2.49,2.95,3,8,W,,,
8/1/2018,Pirates,Cubs,2.29,3.5,2,9,W,,,
8/1/2018,Rays,Angels,3.63,2.82,7,2,W,,,
8/1/2018,White Sox,Royals,2.85,2.91,5,10,W,,,
8/1/2018,Cardinals,Rockies,2.44,3.08,6,3,L,,,
8/1/2018,Dodgers,Brewers,2.26,2,6,4,W,,,
8/2/2018,Rays,Angels,2.88,3.15,4,2,L,,,
8/2/2018,Cardinals,Rockies,3.45,2.45,3,2,W,,,
8/2/2018,White Sox,Royals,2.06,2.76,6,4,L,,,
8/2/2018,Nationals,Reds,3.45,1.87,10,4,W,,,
8/2/2018,Phillies,Marlins,3.15,3.1,5,2,W,,,
8/2/2018,Mets,Braves,2.91,3.14,2,4,W,,,
8/2/2018,Red Sox,Yankees,2.35,2.9,15,7,L,,,
8/2/2018,Rangers,Orioles,3.35,3.68,17,8,L,,,
8/2/2018,Cubs,Padres,2.22,2.13,1,6,L,,,
8/2/2018,Dodgers,Brewers,2.21,2.14,21,5,W,,,
8/2/2018,D-backs,Giants,2.63,2.19,1,8,L,,,
8/2/2018,Mariners,Blue Jays,3.6,2.77,3,7,L,,,
8/3/2018,Cubs,Padres,2.49,2.53,5,4,L,,,
8/3/2018,Phillies,Marlins,2.74,3.1,5,1,L,,,
8/3/2018,Pirates,Cardinals,2.56,2.45,7,6,W,,,
8/3/2018,Red Sox,Yankees,2.29,3.2,4,1,L,,,
8/3/2018,Mets,Braves,2.65,2.09,1,2,L,,,
8/3/2018,Rays,White Sox,3.44,2.91,2,3,L,,,
8/3/2018,Indians,Angels,2.92,3.11,4,7,W,,,
8/3/2018,Rangers,Orioles,4,2.27,11,3,W,,,
8/3/2018,Brewers,Rockies,2.94,2.86,5,3,W,,,
8/3/2018,Twins,Royals,2.3,3.19,6,4,L,,,
8/3/2018,D-backs,Giants,2.86,3.07,6,3,L,,,
8/3/2018,Athletics,Tigers,3.46,2.42,1,0,W,,,
8/3/2018,Dodgers,Astros,2.34,2.6,1,2,W,,,
8/3/2018,Mariners,Blue Jays,2.32,2.01,2,7,L,,,
8/4/2018,Nationals,Reds,2.78,2.62,6,2,W,,,
8/4/2018,Cubs,Padres,3.27,2.32,5,4,W,,,
8/4/2018,Red Sox,Yankees,3.38,2.54,4,1,W,,,
8/4/2018,Rays,White Sox,2.94,2.58,1,2,L,,,
8/4/2018,Phillies,Marlins,3.09,3.29,8,3,L,,,
8/4/2018,Pirates,Cardinals,2.84,3.09,4,8,W,,,
8/4/2018,Nationals,Reds,3.46,3.24,6,2,W,,,
8/4/2018,Mets,Braves,3.38,1.92,3,0,W,,,
8/4/2018,Brewers,Rockies,2.94,2.18,8,4,W,,,
8/4/2018,Twins,Royals,3.56,2.34,8,2,W,,,
8/4/2018,Indians,Angels,3.27,2.07,3,0,W,,,
8/4/2018,Rangers,Orioles,2.64,2.6,3,1,W,,,
8/4/2018,D-backs,Giants,2.38,1.87,9,3,W,,,
8/4/2018,Athletics,Tigers,3.85,2.68,2,1,W,,,
8/4/2018,Dodgers,Astros,2.32,2.8,0,14,W,,,
8/4/2018,Mariners,Blue Jays,3.82,2.02,1,5,L,,,
8/5/2018,Mets,Braves,3.37,3.84,4,5,W,,,
8/5/2018,Indians,Angels,3.09,2.91,4,3,W,,,
8/5/2018,Rays,White Sox,3.54,2.52,7,8,L,,,
8/5/2018,Nationals,Reds,2.64,3.08,2,1,L,,,
8/5/2018,Phillies,Marlins,3.48,2.22,5,3,W,,,
8/5/2018,Pirates,Cardinals,3.18,2.45,1,2,L,,,
8/5/2018,Brewers,Rockies,2.94,2.64,4,5,L,,,
8/5/2018,Twins,Royals,2.75,3.04,6,5,L,,,
8/5/2018,Cubs,Padres,2.87,2.91,6,10,W,,,
8/5/2018,Rangers,Orioles,2.92,3.33,6,9,W,,,
8/5/2018,Athletics,Tigers,3.41,2.98,6,0,W,,,
8/5/2018,Dodgers,Astros,2.8,2.46,3,2,W,,,
8/5/2018,D-backs,Giants,3.29,2.37,2,3,L,,,
8/5/2018,Mariners,Blue Jays,2.81,2.37,6,3,W,,,
8/5/2018,Red Sox,Yankees,2.92,2.81,5,4,W,,,
8/6/2018,Mets,Reds,3.78,2.01,6,4,W,,,
8/6/2018,Indians,Twins,3.63,2.34,10,0,W,,,
8/6/2018,Marlins,Cardinals,2.84,2.67,2,1,W,,,
8/6/2018,Rangers,Mariners,2.85,3.58,3,4,W,,,
8/6/2018,White Sox,Yankees,2.57,3.32,0,7,W,,,
8/6/2018,Royals,Cubs,2.89,2.72,1,3,L,,,
8/6/2018,Rockies,Pirates,2.63,3.1,2,0,L,,,
8/6/2018,D-backs,Phillies,2.59,3.26,3,2,L,,,
8/6/2018,Angels,Tigers,3.41,3.97,6,2,L,,,
8/6/2018,Giants,Astros,2.4,2.29,1,3,L,,,
8/7/2018,Nationals,Braves,2.34,3.2,1,3,W,,,
8/7/2018,Giants,Astros,2.12,2.74,1,2,W,,,
8/7/2018,Nationals,Braves,2.32,2.37,1,3,W,,,
8/7/2018,Blue Jays,Red Sox,2.72,2.44,7,10,L,,,
8/7/2018,Rays,Orioles,3.02,3.11,4,3,L,,,
8/7/2018,Mets,Reds,3.37,3.03,1,6,L,,,
8/7/2018,Indians,Twins,3.04,2.4,2,3,L,,,
8/7/2018,Marlins,Cardinals,2.32,2.61,2,3,W,,,
8/7/2018,Rangers,Mariners,2.91,3.73,11,4,L,,,
8/7/2018,White Sox,Yankees,2.33,2.62,3,4,W,,,
8/7/2018,Brewers,Padres,3.12,2.29,5,11,L,,,
8/7/2018,Royals,Cubs,2.23,2.84,0,5,W,,,
8/7/2018,Rockies,Pirates,2.5,2.95,2,10,W,,,
8/7/2018,D-backs,Phillies,3.23,2.32,2,5,L,,,
8/7/2018,Athletics,Dodgers,2.57,2.89,2,4,W,,,
8/7/2018,Angels,Tigers,3.73,2.57,11,5,W,,,
8/8/2018,Mets,Reds,3.23,1.92,8,0,W,,,
8/8/2018,Rangers,Mariners,2.72,3.65,11,7,L,,,
8/8/2018,Rockies,Pirates,2.42,3.21,3,4,W,,,
8/8/2018,D-backs,Phillies,3.27,2.71,6,0,W,,,
8/8/2018,Angels,Tigers,3.3,2.98,6,0,W,,,
8/8/2018,Nationals,Braves,3.09,3.3,3,8,W,,,
8/8/2018,Blue Jays,Red Sox,3.17,4.24,5,10,W,,,
8/8/2018,Rays,Orioles,3.04,3.06,4,5,W,,,
8/8/2018,Indians,Twins,3.05,2.71,5,2,W,,,
8/8/2018,Marlins,Cardinals,2.53,2.41,1,7,L,,,
8/8/2018,White Sox,Yankees,2.38,2.98,3,7,W,,,
8/8/2018,Brewers,Padres,2.71,2.02,8,4,W,,,
8/8/2018,Royals,Cubs,2.69,2.37,9,0,W,,,
8/8/2018,Athletics,Dodgers,1.95,2.97,3,2,L,,,
8/9/2018,Nationals,Braves,2.55,2.43,6,3,W,,,
8/9/2018,Indians,Twins,2.76,2.17,5,4,W,,,
8/9/2018,Brewers,Padres,2.72,3.13,4,8,W,,,
8/9/2018,Yankees,Rangers,2.48,2.58,7,3,L,,,
8/9/2018,Blue Jays,Red Sox,3.66,2.58,8,5,W,,,
8/9/2018,Rays,Orioles,3.51,2.5,5,4,W,,,
8/9/2018,Astros,Mariners,2.42,2.04,6,8,L,,,
8/9/2018,Rockies,Dodgers,2.47,2.44,5,8,L,,,
8/9/2018,Giants,Pirates,2.74,2.84,5,10,W,,,
8/10/2018,Cubs,Nationals,3.04,2.13,3,2,W,,,
8/10/2018,Yankees,Rangers,2.4,2.49,7,12,W,,,
8/10/2018,Orioles,Red Sox,2.59,2.91,12,19,W,,,
8/10/2018,Blue Jays,Rays,2.45,3.51,0,7,W,,,
8/10/2018,Reds,D-backs,1.84,2.45,3,0,L,,,
8/10/2018,Tigers,Twins,3.06,3.46,5,3,L,,,
8/10/2018,Marlins,Mets,1.96,2.72,2,6,W,,,
8/10/2018,Braves,Brewers,2.3,2.51,10,1,L,,,
8/10/2018,White Sox,Indians,2.3,3.06,1,0,L,,,
8/10/2018,Astros,Mariners,2.73,2.49,2,5,L,,,
8/10/2018,Royals,Cardinals,2.53,3.31,0,7,W,,,
8/10/2018,Rockies,Dodgers,2.82,2.92,5,4,L,,,
8/10/2018,Angels,Athletics,2.84,3.69,4,3,L,,,
8/10/2018,Padres,Phillies,3.78,3.98,2,0,L,,,
8/10/2018,Giants,Pirates,2.95,3.34,13,10,L,,,
8/11/2018,Orioles,Red Sox,2.47,3.35,4,6,W,,,
8/11/2018,Yankees,Rangers,3.33,2.5,5,3,W,,,
8/11/2018,Cubs,Nationals,2.93,2.92,4,9,L,,,
8/11/2018,Blue Jays,Rays,3.19,3.19,1,3,T,,,
8/11/2018,Tigers,Twins,3.21,4.26,3,4,W,,,
8/11/2018,Reds,D-backs,2.8,3.39,6,3,L,,,
8/11/2018,Orioles,Red Sox,2.61,3.26,4,6,W,,,
8/11/2018,White Sox,Indians,2.21,3.53,1,3,W,,,
8/11/2018,Braves,Brewers,2.94,2.75,2,4,L,,,
8/11/2018,Marlins,Mets,3.14,2.97,4,3,W,,,
8/11/2018,Astros,Mariners,2.67,2.47,2,3,L,,,
8/11/2018,Royals,Cardinals,2.83,2.78,3,8,L,,,
8/11/2018,Rockies,Dodgers,2.39,2.69,3,2,L,,,
8/11/2018,Padres,Phillies,1.99,3.19,1,5,W,,,
8/11/2018,Giants,Pirates,2.71,2.45,0,4,L,,,
8/11/2018,Angels,Athletics,2.84,2.96,0,7,W,,,
8/12/2018,Orioles,Red Sox,2.03,2.76,1,4,W,,,
8/12/2018,Yankees,Rangers,3.26,2.08,7,2,W,,,
8/12/2018,Blue Jays,Rays,2.92,2.91,2,1,W,,,
8/12/2018,Reds,D-backs,2.43,3.13,2,9,W,,,
8/12/2018,Tigers,Twins,2.22,3.42,4,2,L,,,
8/12/2018,Marlins,Mets,2.12,3.43,3,4,W,,,
8/12/2018,Braves,Brewers,2.34,2.53,8,7,L,,,
8/12/2018,White Sox,Indians,2.58,2.84,7,9,W,,,
8/12/2018,Astros,Mariners,3.48,2.04,3,4,L,,,
8/12/2018,Royals,Cardinals,2.51,2.83,2,8,W,,,
8/12/2018,Rockies,Dodgers,2.42,2.72,4,3,L,,,
8/12/2018,Padres,Phillies,2.36,2.52,9,3,L,,,
8/12/2018,Giants,Pirates,2.74,2.22,4,3,W,,,
8/12/2018,Angels,Athletics,2.91,3.33,7,8,W,,,
8/12/2018,Cubs,Nationals,2.37,2.52,4,3,L,,,
8/13/2018,Braves,Marlins,2.88,1.94,6,1,W,,,
8/13/2018,Yankees,Mets,1.92,2.61,5,8,W,,,
8/13/2018,Tigers,White Sox,3.19,3.78,9,5,L,,,
8/13/2018,Reds,Indians,2.66,3.37,3,10,W,,,
8/13/2018,Braves,Marlins,3.83,2.44,6,1,W,,,
8/13/2018,Rangers,D-backs,2.71,3.71,5,3,L,,,
8/13/2018,Cardinals,Nationals,3.22,2.41,7,6,W,,,
8/13/2018,Royals,Blue Jays,3.98,2.32,3,1,W,,,
8/13/2018,Athletics,Mariners,2.17,2.86,7,6,L,,,
8/13/2018,Padres,Angels,2.3,3.04,3,6,W,,,
8/13/2018,Dodgers,Giants,2.62,2.14,2,5,L,,,
8/14/2018,Cubs,Brewers,2.07,2.77,0,7,W,,,
8/14/2018,Orioles,Mets,2.83,3.29,6,3,L,,,
8/14/2018,Yankees,Rays,3.11,2.79,4,1,W,,,
8/14/2018,Phillies,Red Sox,2.91,3.48,1,2,W,,,
8/14/2018,Tigers,White Sox,3.51,3.73,3,6,W,,,
8/14/2018,Reds,Indians,2.17,3.33,1,8,W,,,
8/14/2018,Braves,Marlins,2.38,2.42,10,6,L,,,
8/14/2018,Rangers,D-backs,2.38,3.19,4,6,W,,,
8/14/2018,Astros,Rockies,3.27,1.72,1,5,L,,,
8/14/2018,Twins,Pirates,2.3,3.67,5,2,L,,,
8/14/2018,Royals,Blue Jays,2.48,2.81,5,6,W,,,
8/14/2018,Cardinals,Nationals,2.62,2.45,6,4,W,,,
8/14/2018,Athletics,Mariners,2.35,2.77,3,2,L,,,
8/14/2018,Padres,Angels,2.71,2.54,3,7,L,,,
8/14/2018,Dodgers,Giants,2.28,2.58,1,2,W,,,
8/15/2018,Tigers,White Sox,3.19,4.12,5,6,W,,,
8/15/2018,Twins,Pirates,2.57,2.86,6,4,L,,,
8/15/2018,Cubs,Brewers,3.26,2.17,8,4,W,,,
8/15/2018,Athletics,Mariners,2.55,2.91,0,2,W,,,
8/15/2018,Phillies,Red Sox,2.83,3.06,7,4,L,,,
8/15/2018,Orioles,Mets,1.86,2.8,5,16,W,,,
8/15/2018,Yankees,Rays,2.82,3.06,1,6,W,,,
8/15/2018,Reds,Indians,2.83,3.8,3,4,W,,,
8/15/2018,Braves,Marlins,3.37,2.8,5,2,W,,,
8/15/2018,Astros,Rockies,2.88,2.36,12,1,W,,,
8/15/2018,Royals,Blue Jays,4.14,2.6,5,6,L,,,
8/15/2018,Cardinals,Nationals,2.91,2.4,4,2,W,,,
8/15/2018,Padres,Angels,3.46,2.73,2,3,L,,,
8/15/2018,Dodgers,Giants,3.22,2.89,4,3,W,,,
8/16/2018,Yankees,Rays,2.33,2.68,1,3,W,,,
8/16/2018,Phillies,Mets,3.47,4.03,9,6,L,,,
8/16/2018,Phillies,Mets,2.57,3.52,9,6,L,,,
8/16/2018,Pirates,Cubs,3.19,3,0,1,L,,,
8/16/2018,Cardinals,Nationals,2.71,2.89,4,5,W,,,
8/16/2018,Braves,Rockies,2.92,3.03,3,5,W,,,
8/16/2018,Rangers,Angels,3.01,2.68,8,6,W,,,
8/16/2018,Twins,Tigers,3.42,3.16,15,8,W,,,
8/16/2018,Royals,Blue Jays,2.67,3.61,6,2,L,,,
8/16/2018,Padres,D-backs,1.66,3.5,1,5,W,,,
8/17/2018,Phillies,Mets,2.09,1.74,4,2,W,,,
8/17/2018,Nationals,Marlins,3.09,2.22,8,2,W,,,
8/17/2018,Yankees,Blue Jays,2.95,2.87,7,5,W,,,
8/17/2018,Pirates,Cubs,2.64,2.44,0,1,L,,,
8/17/2018,Indians,Orioles,3.45,2.36,2,1,W,,,
8/17/2018,Reds,Giants,2.45,2.91,2,1,L,,,
8/17/2018,Red Sox,Rays,3.05,2.81,7,3,W,,,
8/17/2018,Braves,Rockies,2.8,2.57,5,11,L,,,
8/17/2018,Rangers,Angels,3.06,3.2,6,4,L,,,
8/17/2018,Twins,Tigers,3.29,3.36,5,4,L,,,
8/17/2018,White Sox,Royals,2.77,3.35,9,3,L,,,
8/17/2018,Cardinals,Brewers,2.36,2.79,5,2,L,,,
8/17/2018,Athletics,Astros,2.36,2.93,4,3,L,,,
8/17/2018,Padres,D-backs,2.56,2.92,4,9,W,,,
8/17/2018,Mariners,Dodgers,2.62,2.2,1,11,L,,,
8/18/2018,Yankees,Blue Jays,3.86,2.52,11,6,W,,,
8/18/2018,Athletics,Astros,2.54,2.85,7,1,L,,,
8/18/2018,Phillies,Mets,1.9,2.64,1,3,W,,,
8/18/2018,Indians,Orioles,2.64,3.44,2,4,W,,,
8/18/2018,Pirates,Cubs,3.03,2.51,3,1,W,,,
8/18/2018,Nationals,Marlins,2.57,3.07,5,7,W,,,
8/18/2018,Braves,Rockies,3.53,2.6,3,5,L,,,
8/18/2018,Twins,Tigers,3.88,2.29,5,7,L,,,
8/18/2018,White Sox,Royals,2.39,2.84,1,3,W,,,
8/18/2018,Reds,Giants,2.82,4.18,7,1,L,,,
8/18/2018,Red Sox,Rays,3.07,2.7,5,2,W,,,
8/18/2018,Cardinals,Brewers,2.86,2.16,7,2,W,,,
8/18/2018,Rangers,Angels,3.04,3.25,7,11,W,,,
8/18/2018,Padres,D-backs,2.76,3.06,7,6,L,,,
8/18/2018,Mariners,Dodgers,2.39,2.94,5,4,L,,,
8/19/2018,Red Sox,Rays,2.51,2.61,0,2,W,,,
8/19/2018,Yankees,Blue Jays,2.36,2.82,10,2,L,,,
8/19/2018,Indians,Orioles,2.71,2.51,8,0,W,,,
8/19/2018,Reds,Giants,1.82,3.19,11,4,L,,,
8/19/2018,Pirates,Cubs,2.84,2.68,2,1,W,,,
8/19/2018,Braves,Rockies,2.93,2.28,2,4,L,,,
8/19/2018,Nationals,Marlins,2.61,2.83,1,12,W,,,
8/19/2018,Twins,Tigers,3.58,2.43,5,4,W,,,
8/19/2018,White Sox,Royals,2.16,2.69,7,6,L,,,
8/19/2018,Cardinals,Brewers,2.46,2.43,1,2,L,,,
8/19/2018,Rangers,Angels,2.75,3.31,4,2,L,,,
8/19/2018,Athletics,Astros,2.1,2.65,4,9,W,,,
8/19/2018,Padres,D-backs,2.14,2.82,3,4,W,,,
8/19/2018,Mariners,Dodgers,1.96,2.55,1,12,W,,,
8/19/2018,Phillies,Mets,3.19,3.09,2,8,L,,,
8/20/2018,Pirates,Braves,3.15,2.52,0,1,L,,,
8/20/2018,Blue Jays,Orioles,3.41,3.82,5,3,L,,,
8/20/2018,Red Sox,Indians,1.94,3.62,4,5,W,,,
8/20/2018,Rays,Royals,3.19,2.78,1,0,W,,,
8/20/2018,Mets,Giants,3.44,2.21,1,2,L,,,
8/20/2018,Twins,White Sox,2.99,3.07,5,8,W,,,
8/20/2018,Brewers,Reds,3.61,2.28,5,2,W,,,
8/20/2018,Athletics,Rangers,4.05,2.95,9,0,W,,,
8/20/2018,Mariners,Astros,2.69,2.93,7,4,L,,,
8/20/2018,Dodgers,Cardinals,2.68,2.41,3,5,L,,,
8/21/2018,Pirates,Braves,2.53,2.77,1,6,W,,,
8/21/2018,Nationals,Phillies,3.1,2.83,10,4,W,,,
8/21/2018,Blue Jays,Orioles,2.89,3.33,8,2,L,,,
8/21/2018,Mets,Giants,2.75,2.76,6,3,L,,,
8/21/2018,Tigers,Cubs,2.29,4.08,2,1,L,,,
8/21/2018,Red Sox,Indians,2.64,2.4,3,6,L,,,
8/21/2018,Rays,Royals,3.1,2.56,4,1,W,,,
8/21/2018,Marlins,Yankees,2.5,2.45,1,2,L,,,
8/21/2018,Brewers,Reds,3.38,3.45,7,9,W,,,
8/21/2018,White Sox,Twins,3.04,2.59,2,5,L,,,
8/21/2018,Rockies,Padres,2.78,3.11,3,4,W,,,
8/21/2018,D-backs,Angels,3.05,2.52,5,4,W,,,
8/21/2018,Athletics,Rangers,2.21,2.58,6,0,L,,,
8/21/2018,Dodgers,Cardinals,2.17,2.74,2,5,W,,,
8/21/2018,Mariners,Astros,2.06,2.8,2,3,W,,,
8/22/2018,Blue Jays,Orioles,3.63,3.39,6,0,W,,,
8/22/2018,White Sox,Twins,3.28,3.35,7,3,L,,,
8/22/2018,Brewers,Reds,3.17,2.21,4,0,W,,,
8/22/2018,Athletics,Rangers,3.08,2.38,2,4,L,,,
8/22/2018,Mariners,Astros,2.47,2.17,7,10,L,,,
8/22/2018,Pirates,Braves,2.87,2.84,1,2,L,,,
8/22/2018,Nationals,Phillies,3.7,2.25,8,7,W,,,
8/22/2018,Tigers,Cubs,2.92,3.77,2,8,W,,,
8/22/2018,Red Sox,Indians,2.26,2.91,10,4,L,,,
8/22/2018,Rays,Royals,2.57,3.27,6,3,L,,,
8/22/2018,Marlins,Yankees,2.78,2.4,9,3,W,,,
8/22/2018,Mets,Giants,3.1,2.3,5,3,W,,,
8/22/2018,Rockies,Padres,3.41,2.63,6,2,W,,,
8/22/2018,D-backs,Angels,3.29,1.47,5,1,W,,,
8/22/2018,Dodgers,Cardinals,2.85,2.29,1,3,L,,,
8/23/2018,Red Sox,Indians,3.31,2.99,7,0,W,,,
8/23/2018,Nationals,Phillies,1.83,2.45,0,2,W,,,
8/23/2018,Tigers,White Sox,3.21,3.52,7,2,L,,,
8/23/2018,Mets,Giants,2.69,2.02,1,3,L,,,
8/23/2018,Rockies,Padres,2.57,2.96,4,3,L,,,
8/23/2018,Marlins,Braves,2.41,3.16,0,5,W,,,
8/23/2018,Rays,Royals,2.44,3.18,4,3,L,,,
8/23/2018,Cubs,Reds,2.89,3.06,7,1,L,,,
8/23/2018,Twins,Athletics,3.07,2.42,6,4,W,,,
8/24/2018,Cubs,Reds,3.52,1.88,3,2,W,,,
8/24/2018,Orioles,Yankees,2.45,2.96,5,7,W,,,
8/24/2018,Blue Jays,Phillies,2.48,2.5,4,2,L,,,
8/24/2018,Marlins,Braves,2.91,2.81,1,0,W,,,
8/24/2018,Rays,Red Sox,2.72,2.79,10,3,L,,,
8/24/2018,Tigers,White Sox,3.09,2.78,3,6,L,,,
8/24/2018,Mets,Nationals,2.69,2.81,3,0,L,,,
8/24/2018,Twins,Athletics,2.85,3.3,1,7,W,,,
8/24/2018,Brewers,Pirates,2.71,2.86,7,6,L,,,
8/24/2018,Royals,Indians,2.65,2.85,5,4,L,,,
8/24/2018,Rockies,Cardinals,2.29,3.26,5,7,W,,,
8/24/2018,D-backs,Mariners,3.23,2.16,3,6,L,,,
8/24/2018,Angels,Astros,2.4,3.24,3,9,W,,,
8/24/2018,Dodgers,Padres,3.37,2.25,11,1,W,,,
8/24/2018,Giants,Rangers,3.54,2.41,6,7,L,,,
8/25/2018,Orioles,Yankees,3.19,3.35,1,5,W,,,
8/25/2018,Cubs,Reds,2.92,2.79,10,6,W,,,
8/25/2018,Giants,Rangers,3.33,2.4,5,3,W,,,
8/25/2018,Mets,Nationals,2.96,2.12,3,0,W,,,
8/25/2018,Blue Jays,Phillies,3.59,3.31,8,6,W,,,
8/25/2018,Rays,Red Sox,3.17,2.6,5,1,W,,,
8/25/2018,Tigers,White Sox,3.22,3.5,1,6,W,,,
8/25/2018,Orioles,Yankees,3.31,3.35,1,5,W,,,
8/25/2018,Marlins,Braves,2.6,3.02,3,1,L,,,
8/25/2018,Twins,Athletics,2.85,3.07,2,6,W,,,
8/25/2018,Brewers,Pirates,2.47,2.5,1,9,W,,,
8/25/2018,Royals,Indians,2.08,2.28,7,1,L,,,
8/25/2018,D-backs,Mariners,2.26,2.96,3,4,W,,,
8/25/2018,Rockies,Cardinals,2.53,3.3,9,1,L,,,
8/25/2018,Angels,Astros,2.48,3.21,3,8,W,,,
8/25/2018,Dodgers,Padres,2.56,2.39,5,4,W,,,
8/26/2018,Blue Jays,Phillies,3.11,3.82,3,8,W,,,
8/26/2018,Rays,Red Sox,2.77,2.19,9,1,W,,,
8/26/2018,Tigers,White Sox,3.19,3.82,2,7,W,,,
8/26/2018,Mets,Nationals,3.28,2.77,0,15,L,,,
8/26/2018,Marlins,Braves,3.19,2.46,0,4,L,,,
8/26/2018,Twins,Athletics,2.5,2.64,2,6,W,,,
8/26/2018,Brewers,Pirates,2.85,2.47,7,4,W,,,
8/26/2018,Royals,Indians,3.08,2.71,5,12,L,,,
8/26/2018,Cubs,Reds,3.71,2.18,9,0,W,,,
8/26/2018,Rockies,Cardinals,2.51,3.31,3,12,W,,,
8/26/2018,Giants,Rangers,3.36,3.03,3,1,W,,,
8/26/2018,Angels,Astros,1.31,3.44,1,3,W,,,
8/26/2018,Dodgers,Padres,2.97,2.79,7,3,W,,,
8/26/2018,D-backs,Mariners,2.74,2.55,5,2,W,,,
8/26/2018,Orioles,Yankees,2.42,2.81,3,5,W,,,
8/27/2018,Yankees,White Sox,3.05,2.94,2,6,L,,,
8/27/2018,Orioles,Blue Jays,3.17,3.57,7,0,L,,,
8/27/2018,Phillies,Nationals,2.47,3.57,3,5,W,,,
8/27/2018,Cubs,Mets,2.48,3.01,7,4,L,,,
8/27/2018,Astros,Athletics,3.31,2.26,11,4,W,,,
8/27/2018,Angels,Rockies,3.06,3.18,10,7,L,,,
8/27/2018,Giants,D-backs,2.94,2.71,2,0,W,,,
8/28/2018,Yankees,White Sox,3.39,2.64,5,4,W,,,
8/28/2018,Phillies,Nationals,2.35,1.92,4,5,L,,,
8/28/2018,Orioles,Blue Jays,3.27,3.71,12,5,L,,,
8/28/2018,Red Sox,Marlins,3.23,2.88,8,7,W,,,
8/28/2018,Reds,Brewers,2.98,2.95,9,7,W,,,
8/28/2018,Indians,Twins,3.57,1.96,8,1,W,,,
8/28/2018,Braves,Rays,2.89,3.08,9,5,L,,,
8/28/2018,Rangers,Dodgers,2.24,2.23,4,8,L,,,
8/28/2018,Cubs,Mets,1.95,3,2,1,L,,,
8/28/2018,Astros,Athletics,2.74,2.19,3,4,L,,,
8/28/2018,Royals,Tigers,3.92,3.15,6,2,W,,,
8/28/2018,Cardinals,Pirates,3.27,2.93,5,2,W,,,
8/28/2018,Angels,Rockies,2.79,3.55,2,3,W,,,
8/28/2018,Padres,Mariners,2.67,3.46,2,1,L,,,
8/28/2018,Giants,D-backs,1.75,2.86,1,0,L,,,
8/29/2018,Cubs,Mets,1.68,2.58,3,10,W,,,
8/29/2018,Astros,Athletics,2.99,2.28,5,4,W,,,
8/29/2018,Royals,Tigers,2.65,2.64,9,2,W,,,
8/29/2018,Cubs,Mets,3.09,2.21,3,10,L,,,
8/29/2018,Padres,Mariners,3.04,2.34,8,3,W,,,
8/29/2018,Red Sox,Marlins,2.48,2.8,14,6,L,,,
8/29/2018,Yankees,White Sox,2.77,2.39,1,4,L,,,
8/29/2018,Orioles,Blue Jays,2.34,2.7,10,5,L,,,
8/29/2018,Phillies,Nationals,2.73,2.57,8,6,W,,,
8/29/2018,Reds,Brewers,1.92,3.45,12,13,W,,,
8/29/2018,Indians,Twins,2.31,2.89,3,4,W,,,
8/29/2018,Braves,Rays,2.84,2.3,5,8,L,,,
8/29/2018,Rangers,Dodgers,2.75,2.39,1,3,L,,,
8/29/2018,Cardinals,Pirates,2.94,2.31,0,2,L,,,
8/29/2018,Giants,D-backs,2.52,2.52,1,3,T,,,
8/30/2018,Reds,Brewers,3.47,3.24,1,2,L,,,
8/30/2018,Indians,Twins,3.27,2.65,5,3,W,,,
8/30/2018,Yankees,Tigers,3.47,2.94,7,8,L,,,
8/30/2018,Cardinals,Pirates,2.66,2.71,5,0,L,,,
8/30/2018,Braves,Cubs,2.49,2.74,4,5,W,,,
8/30/2018,White Sox,Red Sox,3.46,3.09,4,9,L,,,
8/30/2018,Astros,Angels,2.61,2.21,2,5,L,,,
8/30/2018,Athletics,Mariners,3.04,3.83,1,7,W,,,
8/30/2018,Dodgers,D-backs,2.54,2.27,1,3,L,,,
8/30/2018,Padres,Rockies,2.76,2.83,3,2,L,,,
8/31/2018,Phillies,Cubs,2.5,3.14,2,1,L,,,
8/31/2018,Nationals,Brewers,1.94,3.09,1,4,W,,,
8/31/2018,Yankees,Tigers,4.11,2.44,7,5,W,,,
8/31/2018,Indians,Rays,2.96,2.09,3,0,W,,,
8/31/2018,Marlins,Blue Jays,2.94,3.02,5,6,W,,,
8/31/2018,Braves,Pirates,2.65,2.54,2,3,L,,,
8/31/2018,Rangers,Twins,3.43,3.39,7,10,L,,,
8/31/2018,White Sox,Red Sox,2.46,3.01,6,1,L,,,
8/31/2018,Astros,Angels,2.71,1.37,0,3,L,,,
8/31/2018,Royals,Orioles,3.27,2.21,9,2,W,,,
8/31/2018,Cardinals,Reds,3.58,2.88,12,5,W,,,
8/31/2018,Athletics,Mariners,2.5,2.78,7,5,L,,,
8/31/2018,Dodgers,D-backs,2.61,2.47,3,2,W,,,
8/31/2018,Padres,Rockies,3.24,3.05,7,0,W,,,
8/31/2018,Giants,Mets,2.06,2.34,7,0,L,,,
9/1/2018,Yankees,Tigers,3.57,3.02,2,1,W,,,
9/1/2018,Giants,Mets,3.49,2.93,1,2,L,,,
9/1/2018,Phillies,Cubs,2.45,3.29,1,7,W,,,
9/1/2018,Nationals,Brewers,2.66,1.94,5,4,W,,,
9/1/2018,White Sox,Red Sox,3.16,3.29,1,6,W,,,
9/1/2018,Astros,Angels,3,2.07,7,3,W,,,
9/1/2018,Braves,Pirates,2.79,2.83,5,3,L,,,
9/1/2018,Indians,Rays,2.51,2.96,3,5,W,,,
9/1/2018,Marlins,Blue Jays,3.44,2.97,6,3,W,,,
9/1/2018,Royals,Orioles,3.27,2.1,5,4,W,,,
9/1/2018,Cardinals,Reds,2.93,2.3,0,4,L,,,
9/1/2018,Rangers,Twins,2.47,3.44,7,4,L,,,
9/1/2018,Padres,Rockies,3.19,2.35,2,4,L,,,
9/1/2018,Athletics,Mariners,2.34,2.69,7,8,W,,,
9/1/2018,Dodgers,D-backs,2.42,2.3,3,2,W,,,
9/2/2018,Yankees,Tigers,3.54,2.7,7,11,L,,,
9/2/2018,Marlins,Blue Jays,4.13,3.87,1,6,L,,,
9/2/2018,Phillies,Cubs,3.14,1.98,1,8,L,,,
9/2/2018,Nationals,Brewers,3.51,3.09,4,9,L,,,
9/2/2018,White Sox,Red Sox,2.79,3.63,8,0,L,,,
9/2/2018,Royals,Orioles,3.89,2.85,9,1,W,,,
9/2/2018,Cardinals,Reds,2.85,3,4,6,W,,,
9/2/2018,Rangers,Twins,2.91,3.13,18,4,L,,,
9/2/2018,Giants,Mets,1.93,2.53,1,4,W,,,
9/2/2018,Athletics,Mariners,2.8,2.39,8,2,W,,,
9/2/2018,Dodgers,D-backs,1.91,1.99,3,2,L,,,
9/2/2018,Padres,Rockies,2.16,3.18,3,7,W,,,
9/2/2018,Indians,Rays,2.9,2.47,4,6,L,,,
9/2/2018,Braves,Pirates,3,2.8,5,1,W,,,
9/2/2018,Astros,Angels,2.52,2.47,4,2,W,,,
9/3/2018,Braves,Red Sox,2.39,1.71,2,8,L,,,
9/3/2018,Nationals,Cardinals,2.77,2.47,4,3,W,,,
9/3/2018,Marlins,Phillies,3.05,2.98,3,1,W,,,
9/3/2018,Pirates,Reds,3.25,2.8,5,1,W,,,
9/3/2018,Brewers,Cubs,3.11,2.52,4,3,W,,,
9/3/2018,White Sox,Tigers,2.7,2.98,4,2,L,,,
9/3/2018,Astros,Twins,3.72,2.46,4,1,W,,,
9/3/2018,Rockies,Giants,2.76,2.94,9,8,L,,,
9/3/2018,Athletics,Yankees,2.47,3.22,6,3,L,,,
9/3/2018,Indians,Royals,2.77,3.47,1,5,W,,,
9/3/2018,Braves,Red Sox,2.51,1.7,2,8,L,,,
9/3/2018,Nationals,Cardinals,2.92,2.19,4,3,W,,,
9/3/2018,Marlins,Phillies,3.21,2.77,3,1,W,,,
9/3/2018,Pirates,Reds,3.3,2.49,5,1,W,,,
9/3/2018,Brewers,Cubs,2.66,2.77,4,3,L,,,
9/3/2018,White Sox,Tigers,2.63,2.45,4,2,W,,,
9/3/2018,Astros,Twins,3.43,2.11,4,1,W,,,
9/3/2018,Rockies,Giants,2.72,3.55,9,8,L,,,
9/3/2018,Athletics,Yankees,3.03,3.39,6,3,L,,,
9/3/2018,Indians,Royals,2.41,3.1,1,5,W,,,
9/3/2018,Rangers,Angels,3.63,3.35,1,3,L,,,
9/3/2018,Dodgers,Mets,2.01,2.3,2,4,W,,,
9/3/2018,D-backs,Padres,2.9,2.32,2,6,L,,,
9/3/2018,Mariners,Orioles,3.75,3.04,2,1,W,,,
9/4/2018,Pirates,Reds,2.84,2.73,7,3,W,,,
9/4/2018,Nationals,Cardinals,2.56,4.03,8,11,W,,,
9/4/2018,Blue Jays,Rays,2.98,2.52,0,4,L,,,
9/4/2018,Indians,Royals,2.56,2.79,9,3,L,,,
9/4/2018,Marlins,Phillies,2.59,2.5,4,9,L,,,
9/4/2018,Braves,Red Sox,3.43,2.36,1,5,L,,,
9/4/2018,Rangers,Angels,2.81,2.33,4,2,W,,,
9/4/2018,Brewers,Cubs,2.1,2.64,11,1,L,,,
9/4/2018,White Sox,Tigers,3.03,3.09,3,8,W,,,
9/4/2018,Astros,Twins,2.71,1.67,5,2,W,,,
9/4/2018,Rockies,Giants,2.46,2.96,6,2,L,,,
9/4/2018,D-backs,Padres,2.65,2.44,6,0,W,,,
9/4/2018,Athletics,Yankees,2.73,2.73,1,5,T,,,
9/4/2018,Mariners,Orioles,2.84,2.9,3,5,W,,,
9/4/2018,Dodgers,Mets,2.82,2.15,11,4,W,,,
9/5/2018,Braves,Red Sox,2.64,2.68,8,9,W,,,
9/5/2018,Indians,Royals,2.76,2.24,3,1,W,,,
9/5/2018,Pirates,Reds,3.75,2.36,3,2,W,,,
9/5/2018,Nationals,Cardinals,2,2.58,6,7,W,,,
9/5/2018,Blue Jays,Rays,3.36,3.22,10,3,W,,,
9/5/2018,Marlins,Phillies,2.97,2.65,2,1,W,,,
9/5/2018,Dodgers,Mets,1.86,2.44,3,7,W,,,
9/5/2018,Rangers,Angels,2.71,3.72,3,9,W,,,
9/5/2018,Brewers,Cubs,2.83,2.36,4,6,L,,,
9/5/2018,White Sox,Tigers,3.74,3.48,2,10,L,,,
9/5/2018,Astros,Twins,2.81,1.77,9,1,W,,,
9/5/2018,Rockies,Giants,1.93,3.58,5,3,L,,,
9/5/2018,Athletics,Yankees,2.75,2.69,8,2,W,,,
9/5/2018,Mariners,Orioles,3.33,2.72,5,2,W,,,
9/6/2018,Reds,Padres,2.75,2.75,2,6,T,,,
9/6/2018,Nationals,Cubs,2.76,2.29,4,6,L,,,
9/6/2018,Blue Jays,Indians,2.65,2.65,4,9,T,,,
9/6/2018,D-backs,Braves,2.53,2.61,6,7,W,,,
9/7/2018,Reds,Padres,2.82,2.82,12,6,T,,,
9/7/2018,Pirates,Marlins,3.32,3,5,3,W,,,
9/7/2018,Blue Jays,Indians,2.23,3.77,3,2,L,,,
9/7/2018,Tigers,Cardinals,2.49,2.99,5,3,L,,,
9/7/2018,Rays,Orioles,2.63,2.3,14,2,W,,,
9/7/2018,Red Sox,Astros,2.68,2.74,3,6,W,,,
9/7/2018,Mets,Phillies,2.07,2.9,3,4,W,,,
9/7/2018,Twins,Royals,2,2.48,10,6,L,,,
9/7/2018,White Sox,Angels,3.33,3.29,2,5,L,,,
9/7/2018,Brewers,Giants,3.11,2.3,4,2,W,,,
9/7/2018,Rockies,Dodgers,2.42,2.89,2,4,W,,,
9/7/2018,D-backs,Braves,2.44,2.87,5,3,L,,,
9/7/2018,Athletics,Rangers,3.41,2.7,8,4,W,,,
9/7/2018,Mariners,Yankees,3.15,2.44,0,4,L,,,
9/8/2018,Pirates,Marlins,2.94,3.15,5,1,L,,,
9/8/2018,Nationals,Cubs,2.29,2.23,6,5,W,,,
9/8/2018,Nationals,Cubs,2.44,3.51,6,5,L,,,
9/8/2018,Reds,Padres,2.71,3.8,7,2,L,,,
9/8/2018,Red Sox,Astros,2.37,3.62,3,5,W,,,
9/8/2018,Athletics,Rangers,3.17,3.27,8,6,L,,,
9/8/2018,Blue Jays,Indians,3.43,4.25,8,9,W,,,
9/8/2018,Tigers,Cardinals,2.75,3.56,4,3,L,,,
9/8/2018,Rays,Orioles,3.5,3.04,10,5,W,,,
9/8/2018,Twins,Royals,2.59,2.46,1,4,L,,,
9/8/2018,White Sox,Angels,3.47,3.35,3,12,L,,,
9/8/2018,Mets,Phillies,3.6,1.98,10,5,W,,,
9/8/2018,Brewers,Giants,2.31,2.42,4,3,L,,,
9/8/2018,D-backs,Braves,3.18,1.61,4,5,L,,,
9/8/2018,Rockies,Dodgers,2.5,3.07,4,2,L,,,
9/8/2018,Mariners,Yankees,2.83,2.8,2,4,L,,,
9/9/2018,Blue Jays,Indians,2.64,2.81,6,2,L,,,
9/9/2018,Mets,Phillies,3,3.65,6,4,L,,,
9/9/2018,Tigers,Cardinals,2.48,3.08,2,5,W,,,
9/9/2018,Rays,Orioles,3.68,3.27,8,3,W,,,
9/9/2018,Brewers,Giants,2.61,2.97,6,3,L,,,
9/9/2018,Twins,Royals,3.07,2.68,3,1,W,,,
9/9/2018,White Sox,Angels,2.74,2.68,0,1,L,,,
9/9/2018,Rockies,Dodgers,2.2,2.87,6,9,W,,,
9/9/2018,Athletics,Rangers,2.94,2.93,7,3,W,,,
9/9/2018,Reds,Padres,3.89,3.76,6,7,L,,,
9/9/2018,D-backs,Braves,1.88,2.45,5,9,W,,,
9/9/2018,Mariners,Yankees,2.55,3.14,3,2,L,,,
9/9/2018,Red Sox,Astros,2.29,3.46,6,5,L,,,
9/10/2018,Tigers,Astros,2.21,3.04,2,3,W,,,
9/10/2018,Reds,Dodgers,2.28,3.17,10,6,L,,,
9/10/2018,Rays,Indians,2,2.63,6,5,L,,,
9/10/2018,Cubs,Brewers,2.77,2.99,2,3,W,,,
9/10/2018,Twins,Yankees,3.02,3.64,2,7,W,,,
9/10/2018,Royals,White Sox,3.13,2.57,4,3,W,,,
9/10/2018,Cardinals,Pirates,2.27,2.55,8,7,L,,,
9/10/2018,Rockies,D-backs,2.53,2.98,13,2,L,,,
9/10/2018,Angels,Rangers,2.24,2.98,2,5,W,,,
9/10/2018,Giants,Braves,2.33,2.48,1,4,W,,,
9/11/2018,Phillies,Nationals,3.86,3.11,6,7,L,,,
9/11/2018,Phillies,Nationals,2.97,2.55,6,7,L,,,
9/11/2018,Tigers,Astros,1.51,4.17,4,5,W,,,
9/11/2018,Reds,Dodgers,2.94,2.86,3,1,W,,,
9/11/2018,Orioles,Athletics,2.64,2.85,2,3,W,,,
9/11/2018,Rays,Indians,3.33,3.08,0,2,L,,,
9/11/2018,Mets,Marlins,2.9,1.84,3,5,L,,,
9/11/2018,Red Sox,Blue Jays,2.52,1.82,7,2,W,,,
9/11/2018,Cubs,Brewers,1.91,2.71,3,0,L,,,
9/11/2018,Twins,Yankees,2.99,2.77,10,5,W,,,
9/11/2018,Royals,White Sox,3.38,2.25,6,3,W,,,
9/11/2018,Cardinals,Pirates,2.97,2.28,11,5,W,,,
9/11/2018,Rockies,D-backs,2.73,3.44,3,6,W,,,
9/11/2018,Angels,Rangers,3.01,3.14,1,0,L,,,
9/11/2018,Mariners,Padres,2.6,2.2,1,2,L,,,
9/11/2018,Giants,Braves,3.01,2.18,1,4,L,,,
9/12/2018,Reds,Dodgers,2.49,2.81,1,8,W,,,
9/12/2018,Rays,Indians,2.48,2.4,3,1,W,,,
9/12/2018,Tigers,Astros,2.08,3.37,4,5,W,,,
9/12/2018,Cardinals,Pirates,2.35,2.38,3,4,W,,,
9/12/2018,Giants,Braves,2.9,3.09,1,2,W,,,
9/12/2018,Reds,Dodgers,2.63,2.41,1,8,L,,,
9/12/2018,Rays,Indians,2.13,2.49,3,1,L,,,
9/12/2018,Tigers,Astros,2.54,3.2,4,5,W,,,
9/12/2018,Cardinals,Pirates,2.92,2.18,3,4,L,,,
9/12/2018,Giants,Braves,3.39,3.25,1,2,L,,,
9/12/2018,Mets,Marlins,2.62,1.87,13,0,W,,,
9/12/2018,Mariners,Padres,2.23,2.83,4,5,W,,,
9/12/2018,Orioles,Athletics,2.61,2.98,0,10,W,,,
9/12/2018,Phillies,Nationals,2.23,2.04,1,5,L,,,
9/12/2018,Red Sox,Blue Jays,3.06,2.45,1,0,W,,,
9/12/2018,Cubs,Brewers,2.31,2.51,1,5,W,,,
9/12/2018,Twins,Yankees,3.06,2.81,3,1,W,,,
9/12/2018,Royals,White Sox,3.19,2.81,2,4,L,,,
9/12/2018,Rockies,D-backs,2.67,2.92,5,4,L,,,
9/12/2018,Angels,Rangers,3.27,3.43,8,1,L,,,
9/13/2018,Mets,Marlins,2.52,3,4,3,L,,,
9/13/2018,Mets,Marlins,3.57,2.93,4,3,W,,,
9/13/2018,Rockies,D-backs,1.78,2.99,10,3,L,,,
9/13/2018,Nationals,Cubs,2.42,3.94,3,4,W,,,
9/13/2018,Orioles,Athletics,2.7,2.99,5,3,L,,,
9/13/2018,Red Sox,Blue Jays,2.99,3.1,4,3,L,,,
9/13/2018,Cardinals,Dodgers,2.03,2.67,7,9,W,,,
9/13/2018,Royals,Twins,2.96,1.8,6,4,W,,,
9/13/2018,Angels,Mariners,2.69,2.98,2,8,W,,,
9/14/2018,Yankees,Blue Jays,3.04,3.34,11,0,L,,,
9/14/2018,Phillies,Marlins,2.74,3.84,14,2,L,,,
9/14/2018,Indians,Tigers,3.64,3.07,4,5,L,,,
9/14/2018,Red Sox,Mets,2.04,2.94,0,8,W,,,
9/14/2018,Rays,Athletics,3.22,2.82,1,2,L,,,
9/14/2018,Braves,Nationals,1.97,2.97,10,5,L,,,
9/14/2018,Cubs,Reds,3.62,2.74,3,2,W,,,
9/14/2018,Astros,D-backs,2.23,2.42,2,4,W,,,
9/14/2018,Brewers,Pirates,2.68,2.16,7,4,W,,,
9/14/2018,Cardinals,Dodgers,2.47,3.02,0,3,W,,,
9/14/2018,Royals,Twins,2.95,2.89,8,4,W,,,
9/14/2018,Angels,Mariners,2.56,3.03,0,5,W,,,
9/14/2018,Padres,Rangers,2.79,2.24,0,4,L,,,
9/14/2018,Giants,Rockies,3.06,2.42,2,0,W,,,
9/15/2018,Cardinals,Dodgers,2.26,2.26,4,17,T,,,
9/15/2018,Braves,Nationals,3.03,3.51,1,7,W,,,
9/15/2018,Indians,Tigers,2.66,2.79,15,0,L,,,
9/15/2018,Cubs,Reds,3.05,3.27,1,0,L,,,
9/15/2018,Red Sox,Mets,3.95,3.09,5,3,W,,,
9/15/2018,Yankees,Blue Jays,3.57,2.35,7,8,L,,,
9/15/2018,Rays,Athletics,2.46,2.63,7,5,L,,,
9/15/2018,Orioles,White Sox,2.91,3.51,0,2,W,,,
9/15/2018,Astros,D-backs,2.04,2.23,10,4,L,,,
9/15/2018,Brewers,Pirates,3.12,2.46,1,3,L,,,
9/15/2018,Royals,Twins,3.05,3.49,10,3,L,,,
9/15/2018,Padres,Rangers,3.07,2.68,3,6,L,,,
9/15/2018,Giants,Rockies,2.99,2.53,3,0,W,,,
9/15/2018,Angels,Mariners,2.49,3.06,5,6,W,,,
9/16/2018,Orioles,White Sox,2.93,3.39,8,4,L,,,
9/16/2018,Yankees,Blue Jays,3.32,2.67,2,3,L,,,
9/16/2018,Red Sox,Mets,2.03,2.33,4,3,L,,,
9/16/2018,Indians,Tigers,3.29,2.64,4,6,L,,,
9/16/2018,Rays,Athletics,3.11,2.62,5,4,W,,,
9/16/2018,Phillies,Marlins,2.71,3.03,4,6,W,,,
9/16/2018,Braves,Nationals,3.14,2.12,4,6,L,,,
9/16/2018,Astros,D-backs,2.47,2.04,5,4,W,,,
9/16/2018,Brewers,Pirates,2.8,2.17,2,3,L,,,
9/16/2018,Royals,Twins,3.92,2.64,6,9,L,,,
9/16/2018,Cubs,Reds,2.68,2.78,1,2,W,,,
9/16/2018,Giants,Rockies,3.31,2.5,2,3,L,,,
9/16/2018,Angels,Mariners,2.5,3.01,4,3,L,,,
9/16/2018,Padres,Rangers,2.5,3.66,7,3,L,,,
9/16/2018,Cardinals,Dodgers,2.33,2.7,5,0,L,,,
9/17/2018,Pirates,Royals,2.64,2.81,7,6,L,,,
9/17/2018,Phillies,Mets,2.13,2.41,4,9,W,,,
9/17/2018,Tigers,Twins,2.86,4.15,1,6,W,,,
9/17/2018,Marlins,Nationals,3.54,2.47,8,5,W,,,
9/17/2018,Braves,Cardinals,2.18,2.77,6,11,W,,,
9/17/2018,Brewers,Reds,2.65,2.89,8,0,L,,,
9/17/2018,Rangers,Rays,2.92,2.85,0,3,L,,,
9/17/2018,Astros,Mariners,3.15,1.59,1,4,L,,,
9/17/2018,D-backs,Cubs,2.15,2.69,1,5,W,,,
9/17/2018,Dodgers,Rockies,3.15,2.6,8,2,W,,,
9/17/2018,Padres,Giants,2.12,3.16,2,4,W,,,
9/18/2018,Yankees,Red Sox,2.86,2.87,3,2,L,,,
9/18/2018,Phillies,Mets,3.27,1.55,5,2,W,,,
9/18/2018,Orioles,Blue Jays,3.02,2.77,4,6,L,,,
9/18/2018,Pirates,Royals,3.55,2.51,2,1,W,,,
9/18/2018,Indians,White Sox,3.31,1.88,5,3,W,,,
9/18/2018,Tigers,Twins,3.36,3.07,3,5,L,,,
9/18/2018,Marlins,Nationals,2.32,2,2,4,L,,,
9/18/2018,Braves,Cardinals,2.23,2.59,1,8,W,,,
9/18/2018,Brewers,Reds,3.42,2.48,1,3,L,,,
9/18/2018,Rangers,Rays,2.26,3.67,0,4,W,,,
9/18/2018,Astros,Mariners,2.59,2.09,7,0,W,,,
9/18/2018,D-backs,Cubs,2.32,2.79,1,9,W,,,
9/18/2018,Athletics,Angels,2.67,2.73,7,9,W,,,
9/18/2018,Dodgers,Rockies,2.31,2.21,3,2,W,,,
9/18/2018,Padres,Giants,3.02,2.7,4,5,L,,,
9/19/2018,Braves,Cardinals,2.29,1.59,7,3,W,,,
9/19/2018,Tigers,Twins,2.97,2.98,2,8,W,,,
9/19/2018,Rangers,Rays,2.98,3.3,3,9,W,,,
9/19/2018,Phillies,Mets,2.06,3.75,4,0,L,,,
9/19/2018,Yankees,Red Sox,3.08,2.34,10,1,W,,,
9/19/2018,Pirates,Royals,2.25,2.56,2,1,L,,,
9/19/2018,Orioles,Blue Jays,4.04,2.95,2,1,W,,,
9/19/2018,Indians,White Sox,3.09,2.58,4,1,W,,,
9/19/2018,Brewers,Reds,3.5,1.99,7,0,W,,,
9/19/2018,Astros,Mariners,2.28,3.13,0,9,W,,,
9/19/2018,Padres,Giants,2.43,2.81,8,4,L,,,
9/19/2018,D-backs,Cubs,3.08,2.68,9,0,W,,,
9/19/2018,Athletics,Angels,3.02,2.66,10,0,W,,,
9/19/2018,Dodgers,Rockies,3.03,2.2,5,2,W,,,
9/20/2018,Athletics,Angels,3.83,2.91,21,3,W,,,
9/20/2018,Yankees,Red Sox,3.23,3.14,6,11,L,,,
9/20/2018,Nationals,Mets,3.1,2.22,4,5,L,,,
9/20/2018,Blue Jays,Rays,3.16,2.94,9,8,W,,,
9/20/2018,Indians,White Sox,3.86,3.11,4,5,L,,,
9/20/2018,Marlins,Reds,3.36,3.84,2,4,W,,,
9/20/2018,Tigers,Royals,2.95,3.92,11,8,L,,,
9/20/2018,Braves,Phillies,3.51,2.77,8,3,W,,,
9/21/2018,White Sox,Cubs,3.31,3.37,10,4,L,,,
9/21/2018,Pirates,Brewers,1.96,2.81,3,8,W,,,
9/21/2018,Nationals,Mets,1.81,4.09,2,4,W,,,
9/21/2018,Yankees,Orioles,3.36,2.41,10,8,W,,,
9/21/2018,Blue Jays,Rays,2.63,3.34,3,11,W,,,
9/21/2018,Indians,Red Sox,2.3,2.19,5,7,L,,,
9/21/2018,Marlins,Reds,2.95,2.84,1,0,W,,,
9/21/2018,Tigers,Royals,2.92,3.35,3,4,W,,,
9/21/2018,Braves,Phillies,3.12,3.1,6,5,W,,,
9/21/2018,Rangers,Mariners,2.92,2.86,8,3,W,,,
9/21/2018,Astros,Angels,2.79,2.27,11,3,W,,,
9/21/2018,Cardinals,Giants,2.69,2.72,5,3,L,,,
9/21/2018,D-backs,Rockies,2.69,2.61,2,6,L,,,
9/21/2018,Athletics,Twins,2.59,3,7,6,L,,,
9/21/2018,Dodgers,Padres,2.82,2.18,3,5,L,,,
9/22/2018,Braves,Phillies,2.6,2.82,5,3,L,,,
9/22/2018,Cardinals,Giants,2.37,2.81,5,4,L,,,
9/22/2018,Yankees,Orioles,3.9,3.11,3,2,W,,,
9/22/2018,Nationals,Mets,3.59,2.84,6,0,W,,,
9/22/2018,Blue Jays,Rays,3.49,3.37,5,2,W,,,
9/22/2018,Tigers,Royals,3.01,3.35,5,4,L,,,
9/22/2018,Pirates,Brewers,2.29,2.9,3,0,L,,,
9/22/2018,Indians,Red Sox,3.16,2.48,5,4,W,,,
9/22/2018,White Sox,Cubs,3.59,3.27,3,8,L,,,
9/22/2018,Marlins,Reds,2.94,2.47,5,1,W,,,
9/22/2018,Astros,Angels,2.77,2.14,10,5,W,,,
9/22/2018,Rangers,Mariners,2.26,2.89,0,13,W,,,
9/22/2018,D-backs,Rockies,3.59,2.5,1,5,L,,,
9/22/2018,Athletics,Twins,2.64,2.55,3,2,W,,,
9/22/2018,Dodgers,Padres,3.79,2.52,7,2,W,,,
9/23/2018,Yankees,Orioles,2.8,2.72,3,6,L,,,
9/23/2018,Blue Jays,Rays,2.25,2.22,2,5,L,,,
9/23/2018,Marlins,Reds,3.23,2.67,6,0,W,,,
9/23/2018,Tigers,Royals,2.23,3.44,2,3,W,,,
9/23/2018,Pirates,Brewers,2.65,2.61,6,13,L,,,
9/23/2018,Nationals,Mets,2.77,3.7,6,8,W,,,
9/23/2018,Braves,Phillies,2.03,2.3,2,1,L,,,
9/23/2018,White Sox,Cubs,2.31,3.2,1,6,W,,,
9/23/2018,Astros,Angels,2.55,2.09,6,2,W,,,
9/23/2018,Cardinals,Giants,2.51,2.19,9,2,W,,,
9/23/2018,Rangers,Mariners,2.72,3.29,6,1,L,,,
9/23/2018,Athletics,Twins,3.58,3.18,1,5,L,,,
9/23/2018,D-backs,Rockies,2.57,2.31,0,2,L,,,
9/23/2018,Dodgers,Padres,2.76,2.91,14,0,L,,,
9/23/2018,Indians,Red Sox,2.4,3.32,4,3,L,,,
9/24/2018,Nationals,Marlins,2.85,2.09,7,3,W,,,
9/24/2018,Blue Jays,Astros,2.38,3.43,3,5,W,,,
9/24/2018,Red Sox,Orioles,3.07,2.56,6,2,W,,,
9/24/2018,Rays,Yankees,2.75,2.69,1,4,L,,,
9/24/2018,Cubs,Pirates,2.79,2.82,1,5,W,,,
9/24/2018,White Sox,Indians,2.07,2.75,0,4,W,,,
9/24/2018,Cardinals,Brewers,2.81,3.17,4,6,W,,,
9/24/2018,Rockies,Phillies,3.5,3.35,10,1,W,,,
9/24/2018,D-backs,Dodgers,1.92,2.49,4,7,W,,,
9/24/2018,Angels,Rangers,3.35,3.32,5,4,W,,,
9/24/2018,Mariners,Athletics,2.46,1.99,3,7,L,,,
9/24/2018,Giants,Padres,3.07,2.82,0,5,L,,,
9/25/2018,Reds,Royals,3.38,3.72,3,4,W,,,
9/25/2018,Nationals,Marlins,4.19,2.46,9,4,W,,,
9/25/2018,Blue Jays,Astros,2.05,2.99,1,4,W,,,
9/25/2018,Mets,Braves,1.81,2.5,3,7,W,,,
9/25/2018,Rays,Yankees,2.96,3.16,2,9,W,,,
9/25/2018,Cubs,Pirates,3.08,2.28,0,6,L,,,
9/25/2018,Twins,Tigers,2.87,2.64,2,4,L,,,
9/25/2018,White Sox,Indians,2.24,3.22,5,4,L,,,
9/25/2018,Cardinals,Brewers,2.56,2.37,4,12,L,,,
9/25/2018,Rockies,Phillies,3.64,3.27,10,3,W,,,
9/25/2018,D-backs,Dodgers,2.21,3.36,4,3,L,,,
9/25/2018,Angels,Rangers,3.14,4.19,4,1,L,,,
9/25/2018,Mariners,Athletics,2.87,2.52,10,8,W,,,
9/25/2018,Giants,Padres,2.69,2.33,5,4,W,,,
9/26/2018,Red Sox,Orioles,3.21,3.2,19,3,W,,,
9/26/2018,Nationals,Marlins,2.59,2.95,9,3,L,,,
9/26/2018,Blue Jays,Astros,2.75,3.89,3,1,L,,,
9/26/2018,Reds,Royals,2.3,3.36,1,6,W,,,
9/26/2018,Mets,Braves,2.52,1.77,3,0,W,,,
9/26/2018,Cardinals,Brewers,2.21,2.83,1,2,W,,,
9/26/2018,Rays,Yankees,3.02,3.01,8,7,W,,,
9/26/2018,Red Sox,Orioles,3.19,2.11,19,3,W,,,
9/26/2018,Cubs,Pirates,3.14,3.06,7,6,W,,,
9/26/2018,White Sox,Indians,2.93,3.04,2,10,W,,,
9/26/2018,Twins,Tigers,3.57,2.87,11,4,W,,,
9/26/2018,Rockies,Phillies,2.95,2.98,14,0,L,,,
9/26/2018,D-backs,Dodgers,2.21,2.62,7,2,L,,,
9/26/2018,Angels,Rangers,3.22,2.86,3,2,W,,,
9/26/2018,Mariners,Athletics,2.67,3.14,3,9,W,,,
9/26/2018,Giants,Padres,2.59,2.65,2,3,W,,,
9/27/2018,Rays,Yankees,2.24,2.95,1,12,W,,,
9/27/2018,Rockies,Phillies,2.66,3.21,5,3,L,,,
9/27/2018,Mets,Braves,3.09,2.78,4,1,W,,,
9/27/2018,Cubs,Pirates,2.58,3.01,3,0,L,,,
9/27/2018,Twins,Tigers,2.92,2.84,9,3,W,,,
9/27/2018,Royals,Indians,3.25,3.72,2,1,L,,,
9/27/2018,Mariners,Rangers,2.51,2.17,0,2,L,,,
9/28/2018,Twins,White Sox,2.66,2.49,2,1,W,,,
9/28/2018,Cubs,Cardinals,2.85,2.66,8,4,W,,,
9/28/2018,Reds,Pirates,3.21,2.39,4,8,L,,,
9/28/2018,Orioles,Astros,2.4,3.79,1,2,W,,,
9/28/2018,Rays,Blue Jays,3.15,3.18,6,7,W,,,
9/28/2018,Mets,Marlins,3.28,3.51,1,8,W,,,
9/28/2018,Red Sox,Yankees,2.45,3.16,6,11,W,,,
9/28/2018,Twins,White Sox,3.22,2.78,2,1,W,,,
9/28/2018,Brewers,Tigers,4.24,2.62,6,5,W,,,
9/28/2018,Rockies,Nationals,3.6,2.61,5,2,W,,,
9/28/2018,Royals,Indians,2.54,3.2,6,14,W,,,
9/28/2018,Angels,Athletics,2.31,2.87,8,5,L,,,
9/28/2018,Padres,D-backs,2.62,2.53,3,2,W,,,
9/28/2018,Mariners,Rangers,3.26,2.79,12,6,W,,,
9/28/2018,Giants,Dodgers,2.58,2.61,1,3,W,,,
9/29/2018,Red Sox,Yankees,2.52,2.37,5,8,L,,,
9/29/2018,Cubs,Cardinals,2.19,3.02,1,2,W,,,
9/29/2018,Orioles,Astros,2.04,2.96,3,4,W,,,
9/29/2018,Orioles,Astros,2.76,3.24,3,4,W,,,
9/29/2018,Giants,Dodgers,2.11,2.22,6,10,W,,,
9/29/2018,Reds,Pirates,2.79,3.16,3,0,L,,,
9/29/2018,Rays,Blue Jays,2.44,2.13,4,3,W,,,
9/29/2018,Phillies,Braves,3.11,1.81,3,0,W,,,
9/29/2018,Twins,White Sox,3.2,3.78,8,3,L,,,
9/29/2018,Mets,Marlins,2.77,3.02,1,0,L,,,
9/29/2018,Brewers,Tigers,3.36,3.43,6,5,L,,,
9/29/2018,Royals,Indians,2.08,2.75,9,4,L,,,
9/29/2018,Rockies,Nationals,2.2,3.05,2,12,W,,,
9/29/2018,Padres,D-backs,2.7,3.63,4,5,W,,,
9/29/2018,Angels,Athletics,2.58,3,2,5,W,,,
9/29/2018,Mariners,Rangers,2.77,2.49,4,1,W,,,
9/30/2018,Phillies,Braves,3.04,3.73,3,1,L,,,
9/30/2018,Giants,Dodgers,2.55,2.69,0,15,W,,,
9/30/2018,Red Sox,Yankees,2.82,3.52,10,2,L,,,
9/30/2018,Orioles,Astros,1.81,3.43,4,0,L,,,
9/30/2018,Angels,Athletics,2.92,3.69,5,4,L,,,
9/30/2018,Padres,D-backs,2.56,2.73,4,3,L,,,
9/30/2018,Twins,White Sox,2.99,2.9,5,4,W,,,
9/30/2018,Brewers,Tigers,2.52,2.68,11,0,L,,,
9/30/2018,Mets,Marlins,2.54,1.79,1,0,W,,,
9/30/2018,Reds,Pirates,2.96,3.1,5,6,W,,,
9/30/2018,Mariners,Rangers,3.42,2.1,3,1,W,,,
9/30/2018,Rays,Blue Jays,2.99,2.73,9,4,W,,,
9/30/2018,Rockies,Nationals,4.08,3.46,12,0,W,,,
9/30/2018,Royals,Indians,2.33,2.85,1,2,W,,,
9/30/2018,Cubs,Cardinals,2.87,2.12,10,5,W,,,
10/1/2018,Cubs,Brewers,2.12,2.46,1,3,W,,,
10/1/2018,Dodgers,Rockies,2.62,2.12,5,2,W,,,
